,AR
2018-12-18,0.2569607128184878
2018-12-19,0.2569031457302645
2018-12-20,0.260338224494033
2018-12-21,0.2606026579763893
2018-12-24,0.2634956217626312
2018-12-26,0.26337812606247374
2018-12-27,0.2879376369138067
2018-12-28,0.2865079410792254
2018-12-31,0.2867599174054773
2019-01-02,0.2873781795761404
2019-01-03,0.29100625470824026
2019-01-04,0.2929016438313168
2019-01-07,0.30582090448027544
2019-01-08,0.30640725406973995
2019-01-09,0.3062952245224588
2019-01-10,0.3071127861125022
2019-01-11,0.3062242094264189
2019-01-14,0.3063284382807715
2019-01-15,0.30599766256911554
2019-01-16,0.3060810306000908
2019-01-17,0.305617572120572
2019-01-18,0.306007904513707
2019-01-22,0.3075045644597739
2019-01-23,0.31038799225833885
2019-01-24,0.31043883374848724
2019-01-25,0.3108476742129346
2019-01-28,0.31339488553982003
2019-01-29,0.31512656582687026
2019-01-30,0.3149336178830013
2019-01-31,0.315999277668556
2019-02-01,0.31581236339280366
2019-02-04,0.3186872631032341
2019-02-05,0.32165697947892236
2019-02-06,0.323630978728933
2019-02-07,0.32297840857160387
2019-02-08,0.32503288876850484
2019-02-11,0.32632981331150346
2019-02-12,0.32840624119313566
2019-02-13,0.3290257231839627
2019-02-14,0.32795399120984076
2019-02-15,0.32557385642521336
2019-02-19,0.3253455585879139
2019-02-20,0.3238256870159126
2019-02-21,0.3231440408644338
2019-02-22,0.3244813917785269
2019-02-25,0.31863114324303793
2019-02-26,0.3180754796270914
2019-02-27,0.3174566441897022
2019-02-28,0.31566971521510745
2019-03-01,0.3144549469730918
2019-03-04,0.31934810671726516
2019-03-05,0.31908315268104337
2019-03-06,0.3194797783337917
2019-03-07,0.32097655071840486
2019-03-08,0.3213366587170934
2019-03-11,0.32150899580678427
2019-03-12,0.3236665546119704
2019-03-13,0.32434479047495196
2019-03-14,0.3248047993439687
2019-03-15,0.3243326439130936
2019-03-18,0.32343892224251075
2019-03-19,0.3244365163977602
2019-03-20,0.3240987858981477
2019-03-21,0.32456922209890776
2019-03-22,0.32474585810149903
2019-03-25,0.3331978434111737
2019-03-26,0.33257093935497395
2019-03-27,0.3331872073456172
2019-03-28,0.3329144735060135
2019-03-29,0.3338822239281539
2019-04-01,0.3335620257836362
2019-04-02,0.3357476268577293
2019-04-03,0.3357407654334666
2019-04-04,0.3377810594680074
2019-04-05,0.33895314780308455
2019-04-08,0.3394080657499425
2019-04-09,0.3388593806061274
2019-04-10,0.3395674054040432
2019-04-11,0.3414711136488443
2019-04-12,0.3419632046114667
2019-04-15,0.3349534452619127
2019-04-16,0.3328741683789003
2019-04-17,0.333473064154287
2019-04-18,0.33198447552017163
2019-04-22,0.32657704813341165
2019-04-23,0.3263143268956104
2019-04-24,0.32449362149268823
2019-04-25,0.32443858302105444
2019-04-26,0.32438769945231394
2019-04-29,0.3240092217533482
2019-04-30,0.31179633686408753
2019-05-01,0.3105003059728494
2019-05-02,0.31105787663195567
2019-05-03,0.31096257125354154
2019-05-06,0.310759176610722
2019-05-07,0.31571998491660896
2019-05-08,0.31557061346255877
2019-05-09,0.317389321514587
2019-05-10,0.31424147245337297
2019-05-13,0.3168816937830589
2019-05-14,0.3284122796901057
2019-05-15,0.3327043714769072
2019-05-16,0.33261254766095244
2019-05-17,0.32991908674302406
2019-05-20,0.3325943677008422
2019-05-21,0.33299253444373644
2019-05-22,0.3336500937624645
2019-05-23,0.3366031300187069
2019-05-24,0.33873833316013424
2019-05-28,0.3359055731923179
2019-05-29,0.335110806589862
2019-05-30,0.3343805579172816
2019-05-31,0.3335527351580876
2019-06-03,0.3355337213408705
2019-06-04,0.3303181656252525
2019-06-05,0.3391849626999802
2019-06-06,0.340015043999239
2019-06-07,0.3370841422510296
2019-06-10,0.3202468994584348
2019-06-11,0.32116309915124364
2019-06-12,0.31723143167957546
2019-06-13,0.3185687390088578
2019-06-14,0.3200959050912837
2019-06-17,0.32089596579847024
2019-06-18,0.3181354105926196
2019-06-19,0.3176374244106704
2019-06-20,0.31280480990036064
2019-06-21,0.31413192033759757
2019-06-24,0.30956442846359306
2019-06-25,0.30905259698802057
2019-06-26,0.30383175412088054
2019-06-27,0.30049108753735343
2019-06-28,0.27778165379528724
2019-07-01,0.2793786228008206
2019-07-02,0.27959049491979443
2019-07-03,0.28142878367067437
2019-07-05,0.27795992958633453
2019-07-08,0.27446038131700823
2019-07-09,0.26033815387799375
2019-07-10,0.2585000083191307
2019-07-11,0.256825722824923
2019-07-12,0.25571346274530066
2019-07-15,0.2571899234587873
2019-07-16,0.2575577210681461
2019-07-17,0.2572694809367223
2019-07-18,0.2587890272603083
2019-07-19,0.2579535566128084
2019-07-22,0.2573312136134957
2019-07-23,0.2554408018084718
2019-07-24,0.25108344605784527
2019-07-25,0.2525534141059002
2019-07-26,0.2528017351079869
2019-07-29,0.25016405063932107
2019-07-30,0.2503331642983877
2019-07-31,0.252376372523466
2019-08-01,0.2510787821565021
2019-08-02,0.2577193729619194
2019-08-05,0.2557374857081117
2019-08-06,0.26339921980194786
2019-08-07,0.2619669983732631
2019-08-08,0.260362774540216
2019-08-09,0.2607506061278303
2019-08-12,0.2615801936843758
2019-08-13,0.2627249755120466
2019-08-14,0.26139603698796793
2019-08-15,0.27269896753685074
2019-08-16,0.2723195741863833
2019-08-19,0.27675959843777415
2019-08-20,0.28024423412565375
2019-08-21,0.2806551169071036
2019-08-22,0.2820982439358664
2019-08-23,0.28594050427708456
2019-08-26,0.29679187103044846
2019-08-27,0.29851557679313256
2019-08-28,0.30144158536244225
2019-08-29,0.3042961622933641
2019-08-30,0.30854581045738005
2019-09-03,0.30801353441820867
2019-09-04,0.3183968596474013
2019-09-05,0.31753378713873104
2019-09-06,0.3233012466277863
2019-09-09,0.3225992093330533
2019-09-10,0.3260711405067117
2019-09-11,0.32724739387556884
2019-09-12,0.32886098544826675
2019-09-13,0.3281100291492039
2019-09-16,0.3278005876863432
2019-09-17,0.32902719988376533
2019-09-18,0.3314716944979757
2019-09-19,0.32815121177536505
2019-09-20,0.32771877943683586
2019-09-23,0.3171020078889556
2019-09-24,0.3169603035621389
2019-09-25,0.31817164842253093
2019-09-26,0.319392219038397
2019-09-27,0.3191010253993835
2019-09-30,0.3191644542743248
2019-10-01,0.31652760186317486
2019-10-02,0.3220556115267675
2019-10-03,0.3232614081740424
2019-10-04,0.32221106665166704
2019-10-07,0.3223296543750132
2019-10-08,0.32214262779505437
2019-10-09,0.32393908540426947
2019-10-10,0.3226042658208969
2019-10-11,0.32211758741133634
2019-10-14,0.3270283668092707
2019-10-15,0.3267267211051853
2019-10-16,0.32844044637095615
2019-10-17,0.32880285110850155
2019-10-18,0.3297307849750436
2019-10-21,0.3292492713489137
2019-10-22,0.32896835390561696
2019-10-23,0.326160542891586
2019-10-24,0.32510150141978633
2019-10-25,0.3231448091216771
2019-10-28,0.32230795428769027
2019-10-29,0.32328356224739285
2019-10-30,0.32131436806144226
2019-10-31,0.3215711790429667
2019-11-01,0.3181615181773675
2019-11-04,0.3278780897028387
2019-11-05,0.3280990587751672
2019-11-06,0.3269113450642382
2019-11-07,0.3286918633611603
2019-11-08,0.32585367538094706
2019-11-11,0.3121054932279169
2019-11-12,0.3103951565651403
2019-11-13,0.30850429741280827
2019-11-14,0.30932083498749197
2019-11-15,0.307302124753211
2019-11-18,0.3069203406365973
2019-11-19,0.3062260330042514
2019-11-20,0.3043578970205412
2019-11-21,0.2999446383042652
2019-11-22,0.3000021262954379
2019-11-25,0.2997265758133358
2019-11-26,0.3026213493687681
2019-11-27,0.30222115353963575
2019-11-29,0.29979235926135067
2019-12-02,0.3007124061854851
2019-12-03,0.29322355259590044
2019-12-04,0.29247217339528775
2019-12-05,0.2936335403742384
2019-12-06,0.2927147283939535
2019-12-09,0.29504390626453336
2019-12-10,0.2948407905998437
2019-12-11,0.29350973836411987
2019-12-12,0.29137550731200784
2019-12-13,0.29202337323644456
2019-12-16,0.2928782551743716
2019-12-17,0.2907036853786822
2019-12-18,0.2911849606715922
2019-12-19,0.2903355944116236
2019-12-20,0.2901925114345069
2019-12-23,0.289194741616953
2019-12-24,0.2894891079632367
2019-12-26,0.28984822107733615
2019-12-27,0.28577460242973773
2019-12-30,0.28467081670395955
2019-12-31,0.2833126922214442
2020-01-02,0.2819548732372847
2020-01-03,0.2882321768381898
2020-01-06,0.2880796477657841
2020-01-07,0.2871100513303985
2020-01-08,0.2868109488315951
2020-01-09,0.28770255555638
2020-01-10,0.28771282779529783
2020-01-13,0.28701869375101574
2020-01-14,0.28675428312138074
2020-01-15,0.2863663399372311
2020-01-16,0.28458729841071173
2020-01-17,0.2863872198069951
2020-01-21,0.28659530290570406
2020-01-22,0.2886802761053386
2020-01-23,0.28818144333140877
2020-01-24,0.2865125607921498
2020-01-27,0.2885904303785117
2020-01-28,0.2922904319657276
2020-01-29,0.29230280620869786
2020-01-30,0.2913716373526982
2020-01-31,0.29155462597534143
2020-02-03,0.29094538889114924
2020-02-04,0.29503685729125173
2020-02-05,0.28621956274696153
2020-02-06,0.29059577321580726
2020-02-07,0.2914390074040745
2020-02-10,0.2937890138770884
2020-02-11,0.2925446602109996
2020-02-12,0.28955886132560493
2020-02-13,0.2887040014550037
2020-02-14,0.274215503041352
2020-02-18,0.2743492504154394
2020-02-19,0.26845402399503987
2020-02-20,0.26617521366120067
2020-02-21,0.261308979546261
2020-02-24,0.262092338799162
2020-02-25,0.2751370948811838
2020-02-26,0.2769656254477903
2020-02-27,0.2773157491312793
2020-02-28,0.28721661163739404
2020-03-02,0.2857139494264079
2020-03-03,0.29036774486505884
2020-03-04,0.29653849866646537
2020-03-05,0.30253647784605275
2020-03-06,0.31638326639813064
2020-03-09,0.3150785275706591
2020-03-10,0.4507337647014497
2020-03-11,0.4517767463311247
2020-03-12,0.47118911127669605
2020-03-13,0.5291188288177358
2020-03-16,0.5460883647838388
2020-03-17,0.5999313871574207
2020-03-18,0.5741428357075616
2020-03-19,0.5913657752168967
2020-03-20,0.5982651666068591
2020-03-23,0.5901708763760956
2020-03-24,0.5803549239891436
2020-03-25,0.5904665885601881
2020-03-26,0.583807433287931
2020-03-27,0.5808971812172374
2020-03-30,0.5806466482186278
2020-03-31,0.5771816057561254
2020-04-01,0.5739637337908141
2020-04-02,0.5809199168304192
2020-04-03,0.5774756716501237
2020-04-06,0.574905386281075
2020-04-07,0.5826847551841843
2020-04-08,0.5808092669285088
2020-04-09,0.5827939724251745
2020-04-13,0.5818881365790749
2020-04-14,0.5805837334241357
2020-04-15,0.5789273317159169
2020-04-16,0.580675843771586
2020-04-17,0.5787782938032293
2020-04-20,0.5809484784737723
2020-04-21,0.579969883978859
2020-04-22,0.5795992711906075
2020-04-23,0.5781696540788158
2020-04-24,0.5765175707066734
2020-04-27,0.5764800057636548
2020-04-28,0.5781953666537483
2020-04-29,0.578021577468224
2020-04-30,0.5803784638849686
2020-05-01,0.5799489014546783
2020-05-04,0.5848276238706928
2020-05-05,0.5849280694880988
2020-05-06,0.5835515929412524
2020-05-07,0.5829302560732104
2020-05-08,0.5832204475266798
2020-05-11,0.5848989376722936
2020-05-12,0.5854118313318021
2020-05-13,0.5859506658952789
2020-05-14,0.5869122403825986
2020-05-15,0.5862884384259226
2020-05-18,0.585742179838965
2020-05-19,0.5915227853672398
2020-05-20,0.5911318215640569
2020-05-21,0.5916259052718603
2020-05-22,0.5909205976063012
2020-05-26,0.5907102976762081
2020-05-27,0.5915971042735682
2020-05-28,0.5920087184706335
2020-05-29,0.5911787289595115
2020-06-01,0.5907760938267372
2020-06-02,0.5956527085568136
2020-06-03,0.59514201549912
2020-06-04,0.5951308113329272
2020-06-05,0.5940774350777809
2020-06-08,0.5931062868855084
2020-06-09,0.5902536524903663
2020-06-10,0.5901273160088207
2020-06-11,0.5908454411683599
2020-06-12,0.5983945709493523
2020-06-15,0.5994340542770366
2020-06-16,0.5994151166770687
2020-06-17,0.5998195433607512
2020-06-18,0.5998977020830853
2020-06-19,0.5996531933894389
2020-06-22,0.5991631045542392
2020-06-23,0.5988362438513836
2020-06-24,0.598585745448901
2020-06-25,0.6001642569378394
2020-06-26,0.5974095368293318
2020-06-29,0.5978437657964587
2020-06-30,0.5984074921829592
2020-07-01,0.5985525922340048
2020-07-02,0.5975405912135984
2020-07-06,0.5977368203544219
2020-07-07,0.5976607872620484
2020-07-08,0.5980087877045953
2020-07-09,0.5977773197102255
2020-07-10,0.5980309649643039
2020-07-13,0.598248891902606
2020-07-14,0.5978137431301499
2020-07-15,0.597608511026456
2020-07-16,0.5988826136484167
2020-07-17,0.5987779305855941
2020-07-20,0.5984457298142173
2020-07-21,0.5982480841800785
2020-07-22,0.597954786995822
2020-07-23,0.5975846114451485
2020-07-24,0.5972624930548068
2020-07-27,0.5970728013647711
2020-07-28,0.5964812301687117
2020-07-29,0.595995876853884
2020-07-30,0.5970281677253692
2020-07-31,0.596259263095976
2020-08-03,0.5955138765010859
2020-08-04,0.5978216532415632
2020-08-05,0.5975276283206182
2020-08-06,0.5974528358599345
2020-08-07,0.5971677465174843
2020-08-10,0.5968987636942864
2020-08-11,0.5971456540605157
2020-08-12,0.59676382263863
2020-08-13,0.5963645407773048
2020-08-14,0.5964127553336454
2020-08-17,0.5967400118286752
2020-08-18,0.5967924981005354
2020-08-19,0.5970672893220216
2020-08-20,0.5981134355351171
2020-08-21,0.598306686631777
2020-08-24,0.5976437897970195
2020-08-25,0.597495505561219
2020-08-26,0.5980563463945002
2020-08-27,0.5969975627056389
2020-08-28,0.5977086258754322
2020-08-31,0.5978698199311674
2020-09-01,0.597830642293813
2020-09-02,0.5998267698423023
2020-09-03,0.5984304227920912
2020-09-04,0.5988859263254228
2020-09-08,0.5938525225921991
2020-09-09,0.5952171619762693
2020-09-10,0.5910597601839865
2020-09-11,0.5774759574170563
2020-09-14,0.5754825022405452
2020-09-15,0.5488560377020415
2020-09-16,0.5472800142455231
2020-09-17,0.518515717223592
2020-09-18,0.5232096664217695
2020-09-21,0.5289593213288825
2020-09-22,0.5403222951680987
2020-09-23,0.5264582751424901
2020-09-24,0.5351272818583501
2020-09-25,0.5354368479313871
2020-09-28,0.5337194039950623
2020-09-29,0.5389685738166222
2020-09-30,0.542726546121795
2020-10-01,0.529676067759267
2020-10-02,0.5366685438724139
2020-10-05,0.5379495470279126
2020-10-06,0.5215900864476263
2020-10-07,0.5240051543416331
2020-10-08,0.5199330181433858
2020-10-09,0.5181304575021253
2020-10-12,0.5183847405577902
2020-10-13,0.5192895500803413
2020-10-14,0.5134166004502148
2020-10-15,0.5129799760168338
2020-10-16,0.5083043053968832
2020-10-19,0.5080913255583308
2020-10-20,0.5074498355573861
2020-10-21,0.5092451402239839
2020-10-22,0.5111394540580968
2020-10-23,0.5120832814199142
2020-10-26,0.5082628813993032
2020-10-27,0.5107291389952001
2020-10-28,0.5033188288860214
2020-10-29,0.5056279114602373
2020-10-30,0.4994565475137284
2020-11-02,0.4992959103050947
2020-11-03,0.5013753919485264
2020-11-04,0.5018478988183791
2020-11-05,0.5032396812039209
2020-11-06,0.4999165339099041
2020-11-09,0.4986600632923679
2020-11-10,0.5172065666273513
2020-11-11,0.5093762362422494
2020-11-12,0.511999726155193
2020-11-13,0.514881021205812
2020-11-16,0.4991538569282304
2020-11-17,0.5014782195994607
2020-11-18,0.49975755685372053
2020-11-19,0.5011214194921758
2020-11-20,0.5010593104423848
2020-11-23,0.4950295228264166
2020-11-24,0.49347363302546304
2020-11-25,0.4946076318958728
2020-11-27,0.49426337047540336
2020-11-30,0.4941503458382205
2020-12-01,0.497262836569864
2020-12-02,0.49515070771633374
2020-12-03,0.495825726460377
2020-12-04,0.48899355931007515
2020-12-07,0.4917254834422051
2020-12-08,0.4894225119849769
2020-12-09,0.48135694211257835
2020-12-10,0.4418751538764405
2020-12-11,0.4377591692687039
2020-12-14,0.438057070388056
2020-12-15,0.4351513610634677
2020-12-16,0.4341746857728226
2020-12-17,0.4347842489075624
2020-12-18,0.43466812514646624
2020-12-21,0.4352799372962327
2020-12-22,0.43567855654028975
2020-12-23,0.4250695313138307
2020-12-24,0.4264624284602372
2020-12-28,0.42387706327287
2020-12-29,0.41867054463403786
2020-12-30,0.4194968148673342
2020-12-31,0.42013564110277735
2021-01-04,0.420572082925477
2021-01-05,0.4192852069094475
2021-01-06,0.41646704704126264
2021-01-07,0.42330374723082204
2021-01-08,0.4167762314665391
2021-01-11,0.41467202143963744
2021-01-12,0.41400050344664946
2021-01-13,0.41392739749720947
2021-01-14,0.40740992352457184
2021-01-15,0.4072737928648733
2021-01-19,0.40823986686907765
2021-01-20,0.4060127864599691
2021-01-21,0.40428176098226765
2021-01-22,0.4055819792070688
2021-01-25,0.40570669243179147
2021-01-26,0.40415597687704347
2021-01-27,0.40025857367002304
2021-01-28,0.3946880642938257
2021-01-29,0.38754570978022373
2021-02-01,0.3894200019930925
2021-02-02,0.3910897407066802
2021-02-03,0.3900066486163235
2021-02-04,0.3910364269453899
2021-02-05,0.3920376656736957
2021-02-08,0.39400184043423536
2021-02-09,0.3954239285229426
2021-02-10,0.3931361341410857
2021-02-11,0.3933253521290593
2021-02-12,0.3937318683030884
2021-02-16,0.3926851546050231
2021-02-17,0.39172454645594484
2021-02-18,0.3910637308433895
2021-02-19,0.3893340374184608
2021-02-22,0.389954995030515
2021-02-23,0.3890866984496785
2021-02-24,0.38743906207686085
2021-02-25,0.3842797263162826
2021-02-26,0.3888980143086676
2021-03-01,0.3872710576336851
2021-03-02,0.390565362473621
2021-03-03,0.39106323912266716
2021-03-04,0.38966926495877047
2021-03-05,0.39058220843594493
2021-03-08,0.39290942342521257
2021-03-09,0.3882004763175149
2021-03-10,0.3884992696982752
2021-03-11,0.3857583340397778
2021-03-12,0.38566817281440646
2021-03-15,0.38455851867990015
2021-03-16,0.38409420998722066
2021-03-17,0.38564107504109063
2021-03-18,0.38600399995677825
2021-03-19,0.388370563251772
2021-03-22,0.3890581010656218
2021-03-23,0.39043420188887135
2021-03-24,0.38786642782498665
2021-03-25,0.3874824767852697
2021-03-26,0.3836969512355907
2021-03-29,0.3850415667116393
2021-03-30,0.38841063050083213
2021-03-31,0.38597496908576445
2021-04-01,0.3852648177039718
2021-04-05,0.38675419028134705
2021-04-06,0.3873717033202214
2021-04-07,0.38737465551129
2021-04-08,0.3867097140678365
2021-04-09,0.3870872017209365
2021-04-12,0.38624656247920114
2021-04-13,0.38652863582841895
2021-04-14,0.3869469099640158
2021-04-15,0.3876892144976976
2021-04-16,0.3859499572530196
2021-04-19,0.3861358077550326
2021-04-20,0.3864977871287135
2021-04-21,0.3893616170637861
2021-04-22,0.39040944055189253
2021-04-23,0.3906583748587966
2021-04-26,0.3922756942020361
2021-04-27,0.3915011001784079
2021-04-28,0.3917182409338975
2021-04-29,0.3871157003687225
2021-04-30,0.3850400818234
2021-05-03,0.3811252646400743
2021-05-04,0.38264430943717426
2021-05-05,0.3832784324976468
2021-05-06,0.38095706633786913
2021-05-07,0.37813442782185147
2021-05-10,0.3765268878029471
2021-05-11,0.3765630057103526
2021-05-12,0.3765402278937086
2021-05-13,0.3454621338884088
2021-05-14,0.3474538073482171
2021-05-17,0.3498839399934768
2021-05-18,0.3463877910070161
2021-05-19,0.3440649980943639
2021-05-20,0.33948395824149447
2021-05-21,0.3401141173047295
2021-05-24,0.34023618429034447
2021-05-25,0.34083588566450373
2021-05-26,0.3424103453815909
2021-05-27,0.3401813813543702
2021-05-28,0.3371775220727095
2021-06-01,0.33696308903993466
2021-06-02,0.3385691970925203
2021-06-03,0.33351068320606475
2021-06-04,0.33236408677281803
2021-06-07,0.33317591749400616
2021-06-08,0.33304174017673915
2021-06-09,0.32989488718612714
2021-06-10,0.32991320733905327
2021-06-11,0.33170560019449397
2021-06-14,0.333372762134303
2021-06-15,0.3355858462674494
2021-06-16,0.33489409735067915
2021-06-17,0.3355439761536847
2021-06-18,0.33566320845494757
2021-06-21,0.33902263132000304
2021-06-22,0.3417994388426167
2021-06-23,0.3419873899744113
2021-06-24,0.3427477903565093
2021-06-25,0.34456678482637343
2021-06-28,0.3435123480101555
2021-06-29,0.3439795923061032
2021-06-30,0.3450253490210426
2021-07-01,0.343834815770212
2021-07-02,0.34421525549135584
2021-07-06,0.3447479415837257
2021-07-07,0.34717778769700786
2021-07-08,0.34483948218274124
2021-07-09,0.33530749663982135
2021-07-12,0.3411939085361556
2021-07-13,0.3417532751045087
2021-07-14,0.3452106817048838
2021-07-15,0.3439467275547996
2021-07-16,0.34396103526680305
2021-07-19,0.3444194552596924
2021-07-20,0.34611498129497004
2021-07-21,0.3526513613330137
2021-07-22,0.3558967790688759
2021-07-23,0.3577263942248235
2021-07-26,0.3574804482409172
2021-07-27,0.35800163175953253
2021-07-28,0.35738192548530934
2021-07-29,0.35618288224838734
2021-07-30,0.3640693583619705
2021-08-02,0.36306868886090815
2021-08-03,0.36356867107835295
2021-08-04,0.3666724244827605
2021-08-05,0.3697816264464331
2021-08-06,0.36842084798575847
2021-08-09,0.36878819574613486
2021-08-10,0.366469266706529
2021-08-11,0.36911562882857285
2021-08-12,0.3706398345406683
2021-08-13,0.37220659991861665
2021-08-16,0.3735113699461656
2021-08-17,0.37494181513622493
2021-08-18,0.37758480222111074
2021-08-19,0.3780610555247499
2021-08-20,0.37762764100565865
2021-08-23,0.3762280906937979
2021-08-24,0.3789955503120819
2021-08-25,0.3774774907128899
2021-08-26,0.3708803325746495
2021-08-27,0.3742093928498235
2021-08-30,0.37318983511561976
2021-08-31,0.3733554621091921
2021-09-01,0.37143927928754555
2021-09-02,0.3697860152819812
2021-09-03,0.3658664822803784
2021-09-07,0.363752854717865
2021-09-08,0.3602920765934705
2021-09-09,0.3591782738451083
2021-09-10,0.3566363509049196
2021-09-13,0.3558574363353038
2021-09-14,0.35704487260625545
2021-09-15,0.35696219679609315
2021-09-16,0.3588127104950046
2021-09-17,0.35526646471778506
2021-09-20,0.3555204412136431
2021-09-21,0.3569126439402959
2021-09-22,0.34523765392653705
2021-09-23,0.34771997419103245
2021-09-24,0.34818556236794174
2021-09-27,0.3460668131007166
2021-09-28,0.34538485229833327
2021-09-29,0.34664053759758945
2021-09-30,0.34690081514381493
2021-10-01,0.3451935647148343
2021-10-04,0.35117657436899535
2021-10-05,0.3525370251813021
2021-10-06,0.3522187893349558
2021-10-07,0.3521415881745921
2021-10-08,0.35434525697085645
2021-10-11,0.3551804941695689
2021-10-12,0.35475545266771413
2021-10-13,0.352858025344267
2021-10-14,0.3525650564630686
2021-10-15,0.35441416863524305
2021-10-18,0.35405436520242684
2021-10-19,0.3487476719025925
2021-10-20,0.3444097936141744
2021-10-21,0.3445478355174543
2021-10-22,0.3413602672980793
2021-10-25,0.34153354909268474
2021-10-26,0.34255156802028464
2021-10-27,0.34169578228243846
2021-10-28,0.34724433403701005
2021-10-29,0.34709644777834714
2021-11-01,0.34342851852540335
2021-11-02,0.35099204657312744
2021-11-03,0.34659445435059927
2021-11-04,0.34949507735445773
2021-11-05,0.3462019392641491
2021-11-08,0.3429880310037418
2021-11-09,0.34277144207698873
2021-11-10,0.3302726439729689
2021-11-11,0.32771211289737645
2021-11-12,0.3228233104401513
2021-11-15,0.32223541140130674
2021-11-16,0.3203896616491648
2021-11-17,0.31933155662623325
2021-11-18,0.3202334708847534
2021-11-19,0.3190434194785633
2021-11-22,0.3205545844425329
2021-11-23,0.31928040116735507
2021-11-24,0.3170890862148608
2021-11-26,0.3153815363223643
2021-11-29,0.32965559102077757
2021-11-30,0.323228808568394
2021-12-01,0.3323644426572353
2021-12-02,0.3351930281752094
2021-12-03,0.3436768466518913
2021-12-06,0.3458029086028523
2021-12-07,0.3498175128928582
2021-12-08,0.3520288932723587
2021-12-09,0.3519646491026814
2021-12-10,0.3533847477355637
2021-12-13,0.3521867224010475
2021-12-14,0.35369937058239576
2021-12-15,0.35397069375410695
2021-12-16,0.349426915038492
2021-12-17,0.34744014979258087
2021-12-20,0.3395658055640696
2021-12-21,0.34189848785621935
2021-12-22,0.35114383362460844
2021-12-23,0.350713607456674
2021-12-27,0.35188470411535816
2021-12-28,0.35086027424801536
2021-12-29,0.3513175168527166
2021-12-30,0.35152831344283475
2021-12-31,0.34931567065444613
2022-01-03,0.3498133074136746
2022-01-04,0.34701104653929504
2022-01-05,0.3498582188561383
2022-01-06,0.35481381232101405
2022-01-07,0.34856035323270673
2022-01-10,0.34870305488702114
2022-01-11,0.3454092636174268
2022-01-12,0.3457452919360864
2022-01-13,0.34513360809182625
2022-01-14,0.34269268358430727
2022-01-18,0.33634800462843983
2022-01-19,0.33401397781026093
2022-01-20,0.33257860035384357
2022-01-21,0.33349892152895677
2022-01-24,0.3355491344512076
2022-01-25,0.3368833612123138
2022-01-26,0.33834904779595787
2022-01-27,0.33906832545698723
2022-01-28,0.33997367783231586
2022-01-31,0.3424659114148224
2022-02-01,0.34733435438230453
2022-02-02,0.3505811705525369
2022-02-03,0.3466196185325367
2022-02-04,0.3504245500765976
2022-02-07,0.34888267345283774
2022-02-08,0.34805901453947596
2022-02-09,0.34693788339598497
2022-02-10,0.34784146744794975
2022-02-11,0.34896018933010003
2022-02-14,0.34818104392841565
2022-02-15,0.34747861531225854
2022-02-16,0.3501912948722837
2022-02-17,0.34803277716072395
2022-02-18,0.35075516737036677
2022-02-22,0.34964251395614615
2022-02-23,0.3486114740642675
2022-02-24,0.3479604201197656
2022-02-25,0.35151734616311325
2022-02-28,0.35190557379996235
2022-03-01,0.34402660501508336
2022-03-02,0.3475984942263854
2022-03-03,0.3533992664221199
2022-03-04,0.3529475004222429
2022-03-07,0.353286920090057
2022-03-08,0.3578074504675957
2022-03-09,0.35546454044410564
2022-03-10,0.3609875026419492
2022-03-11,0.3601841163729922
2022-03-14,0.36066093568355734
2022-03-15,0.3563016887447642
2022-03-16,0.35700810880871175
2022-03-17,0.3629344663157748
2022-03-18,0.36306398263393747
2022-03-21,0.3643097213936029
2022-03-22,0.3621416126197169
2022-03-23,0.3625405982616334
2022-03-24,0.3625698220000757
2022-03-25,0.360297491754465
2022-03-28,0.3608575640682428
2022-03-29,0.3585772427309248
2022-03-30,0.3601123541319277
2022-03-31,0.3622163875667923
2022-04-01,0.3616607014003767
2022-04-04,0.35798481675134447
2022-04-05,0.3574118858283486
2022-04-06,0.3602935127529924
2022-04-07,0.36152205111963515
2022-04-08,0.3597209273809416
2022-04-11,0.35977662396628857
2022-04-12,0.3591350102920004
2022-04-13,0.3591679059788163
2022-04-14,0.36139503998070843
2022-04-18,0.3604776877037727
2022-04-19,0.36008229474332637
2022-04-20,0.3636124538324282
2022-04-21,0.3627687365029282
2022-04-22,0.3633869028918446
2022-04-25,0.36728552284356836
2022-04-26,0.3679866845060675
2022-04-27,0.3734776773167497
2022-04-28,0.373497053596483
2022-04-29,0.37383416152409377
2022-05-02,0.3771076088038726
2022-05-03,0.37949506049552995
2022-05-04,0.3764869879058735
2022-05-05,0.38245398437377387
2022-05-06,0.38981516110145775
2022-05-09,0.3905345019374477
2022-05-10,0.39442395286012366
2022-05-11,0.39280453173953206
2022-05-12,0.3952033575578419
2022-05-13,0.39585665268872755
2022-05-16,0.4014281315555599
2022-05-17,0.4017345563591715
2022-05-18,0.40824685025070456
2022-05-19,0.41363164936485575
2022-05-20,0.41322675643552387
2022-05-23,0.41309422263331996
2022-05-24,0.4135031548783321
2022-05-25,0.41383982343415626
2022-05-26,0.41597907694507646
2022-05-27,0.4201196319104197
2022-05-31,0.4171334343383297
2022-06-01,0.41765224650245364
2022-06-02,0.4126251236429562
2022-06-03,0.41689447614910735
2022-06-06,0.41296490908120187
2022-06-07,0.4125439576293109
2022-06-08,0.4115119654521321
2022-06-09,0.4100808616990016
2022-06-10,0.41173890775033617
2022-06-13,0.41561413717123696
2022-06-14,0.4272584247679862
2022-06-15,0.42665555488250984
2022-06-16,0.4279362558974951
2022-06-17,0.440236982373002
2022-06-21,0.44010836241104423
2022-06-22,0.44132826922693325
2022-06-23,0.44028094020847663
2022-06-24,0.4356816242868538
2022-06-27,0.4406179185142491
2022-06-28,0.439897715814017
2022-06-29,0.4400399902299214
2022-06-30,0.4397797718006318
2022-07-01,0.4385608192604732
2022-07-05,0.43917539102613246
2022-07-06,0.44135984538806244
2022-07-07,0.44097884297900347
2022-07-08,0.4432988521596586
2022-07-11,0.44094299391018466
2022-07-12,0.44225841225282964
2022-07-13,0.44233222488898377
2022-07-14,0.44276898333279086
2022-07-15,0.4421027068428093
2022-07-18,0.44494896796085937
2022-07-19,0.4456444784036142
2022-07-20,0.4529378275124848
2022-07-21,0.45186978783688825
2022-07-22,0.4509258998370035
2022-07-25,0.44931994607035025
2022-07-26,0.44943430843155807
2022-07-27,0.44822330884893136
2022-07-28,0.4512470409261581
2022-07-29,0.4487680761024355
2022-08-01,0.44855807885399435
2022-08-02,0.44837217519419176
2022-08-03,0.44357142348787665
2022-08-04,0.4429305574424607
2022-08-05,0.4401843909631459
2022-08-08,0.4371855062623766
2022-08-09,0.4378511962534568
2022-08-10,0.4382086884496954
2022-08-11,0.44112314935901364
2022-08-12,0.4404117720222488
2022-08-15,0.44187268471151
2022-08-16,0.4423813963744181
2022-08-17,0.44196205169415265
2022-08-18,0.4408278364042341
2022-08-19,0.44204176313628324
2022-08-22,0.44161049680065717
2022-08-23,0.44529093801226544
2022-08-24,0.44491806231892
2022-08-25,0.4443336961582698
2022-08-26,0.4479471122543944
2022-08-29,0.4545064742268102
2022-08-30,0.4579630831720611
2022-08-31,0.4592963352534809
2022-09-01,0.4573301090536029
2022-09-02,0.4589450282784251
2022-09-06,0.45831476121194675
2022-09-07,0.4536819373258375
2022-09-08,0.4585990457625588
2022-09-09,0.4542283813574515
2022-09-12,0.45672747039664846
2022-09-13,0.45722952351502066
2022-09-14,0.4707507992694522
2022-09-15,0.46881126329619305
2022-09-16,0.46377463342097736
2022-09-19,0.46291235254230434
2022-09-20,0.463109932433868
2022-09-21,0.4636444843885708
2022-09-22,0.46401515415566447
2022-09-23,0.4648961277216985
2022-09-26,0.4674859552094935
2022-09-27,0.4673695688788686
2022-09-28,0.46653262603278634
2022-09-29,0.4678606178009311
2022-09-30,0.4680254935692774
2022-10-03,0.46703770447682386
2022-10-04,0.4718603462188842
2022-10-05,0.48110357663712017
2022-10-06,0.47922856191833746
2022-10-07,0.47843934452746706
2022-10-10,0.4820590721486349
2022-10-11,0.48179094762496594
2022-10-12,0.4807484202696174
2022-10-13,0.4793200894506214
2022-10-14,0.4798975908402676
2022-10-17,0.4820829338375545
2022-10-18,0.48631421546119363
2022-10-19,0.4845885530628624
2022-10-20,0.4865828056522197
2022-10-21,0.48516005000639484
2022-10-24,0.48391588480083525
2022-10-25,0.48300157302352853
2022-10-26,0.4813190313641262
2022-10-27,0.48069846466261257
2022-10-28,0.4769768779553898
2022-10-31,0.47474247084225485
2022-11-01,0.47463811747410656
2022-11-02,0.4737235546386893
2022-11-03,0.47213731112184054
2022-11-04,0.46206293817285654
2022-11-07,0.4599455248208154
2022-11-08,0.45523801133507724
2022-11-09,0.4552022473350926
2022-11-10,0.4542998374547391
2022-11-11,0.4743660353138706
2022-11-14,0.46957349477738114
2022-11-15,0.4697773147074056
2022-11-16,0.46616246292724306
2022-11-17,0.4620153662342572
2022-11-18,0.46306289348003754
2022-11-21,0.46373032444231943
2022-11-22,0.4633152878607558
2022-11-23,0.46408248980478295
2022-11-25,0.4636117102728907
2022-11-28,0.46185017431589576
2022-11-29,0.4609742931203911
2022-11-30,0.4607276551440435
2022-12-01,0.46098393589165676
2022-12-02,0.4587717407488541
2022-12-05,0.45790821257623304
2022-12-06,0.4602364399757685
2022-12-07,0.45974819800699845
2022-12-08,0.45801294443624213
2022-12-09,0.45642220598118655
2022-12-12,0.4524174136654762
2022-12-13,0.44074481953836686
2022-12-14,0.44110556885701335
2022-12-15,0.4404366198617475
2022-12-16,0.42996857190692483
2022-12-19,0.4292733574051101
2022-12-20,0.42983954777219774
2022-12-21,0.4285657758911115
2022-12-22,0.42768928841706566
2022-12-23,0.4234931410056028
2022-12-27,0.42396171326548115
2022-12-28,0.422063886097633
2022-12-29,0.423759400621779
2022-12-30,0.42777157903117413
2023-01-03,0.42835571394774147
2023-01-04,0.426652265703859
2023-01-05,0.42811807394389445
2023-01-06,0.4248959992443708
2023-01-09,0.42703490960544654
2023-01-10,0.42408069657717823
2023-01-11,0.42316506233142115
2023-01-12,0.423135769613507
2023-01-13,0.4229845516808163
2023-01-17,0.4205250693405619
2023-01-18,0.42030819010310916
2023-01-19,0.4137969967830308
2023-01-20,0.41299998485398154
2023-01-23,0.41476423188833134
2023-01-24,0.41589222036344836
2023-01-25,0.4146470968961215
2023-01-26,0.41448390083969955
2023-01-27,0.41047285572423897
2023-01-30,0.41254990293805466
2023-01-31,0.41339547193660126
2023-02-01,0.4164695731421638
2023-02-02,0.41911569498821344
2023-02-03,0.4212238724498679
2023-02-06,0.4248182856978
2023-02-07,0.4268665187729381
2023-02-08,0.42626734181931875
2023-02-09,0.4269904059588879
2023-02-10,0.4229968749301969
2023-02-13,0.42311651022290864
2023-02-14,0.4223191086184854
2023-02-15,0.4218490339907867
2023-02-16,0.4225998609450806
2023-02-17,0.42025875613797636
2023-02-21,0.41847792013178886
2023-02-22,0.42155344251886584
2023-02-23,0.4171103344201668
2023-02-24,0.4154609695482598
2023-02-27,0.4140233506240437
2023-02-28,0.4114209844030708
2023-03-01,0.40183603690363834
2023-03-02,0.4094090900318306
2023-03-03,0.40737755537163045
2023-03-06,0.40785140711393025
2023-03-07,0.4087938507722006
2023-03-08,0.4082481821629227
2023-03-09,0.4078742252755635
2023-03-10,0.40879730766640776
2023-03-13,0.41305061415112404
2023-03-14,0.40906619259185617
2023-03-15,0.40871243899044796
2023-03-16,0.3997258448891948
2023-03-17,0.39891866054205016
2023-03-20,0.4033366047939265
2023-03-21,0.402509737975881
2023-03-22,0.40480669371187306
2023-03-23,0.40703221956305286
2023-03-24,0.40556359020301536
2023-03-27,0.4022329436317172
2023-03-28,0.40061763097821956
2023-03-29,0.39920731119260594
2023-03-30,0.40082324798231594
2023-03-31,0.3967363844996943
2023-04-03,0.3962683176977681
2023-04-04,0.3969659852695967
2023-04-05,0.3960917715423662
2023-04-06,0.38627215180706137
2023-04-10,0.3863952731139069
2023-04-11,0.387485637527929
2023-04-12,0.38204902868322516
2023-04-13,0.38268530491159336
2023-04-14,0.38409964292115173
2023-04-17,0.3852869731382743
2023-04-18,0.3817964886274658
2023-04-19,0.3780447957379983
2023-04-20,0.37245762124905896
2023-04-21,0.3715040035707935
2023-04-24,0.36981959548827537
2023-04-25,0.3698208907194819
2023-04-26,0.37225342188888255
2023-04-27,0.3713475980065987
2023-04-28,0.36679489824720135
2023-05-01,0.36806770876644823
2023-05-02,0.3705256974150358
2023-05-03,0.371938359158611
2023-05-04,0.36996663920896544
2023-05-05,0.36743318513858964
2023-05-08,0.3677718605417056
2023-05-09,0.37164449285114043
2023-05-10,0.373132794318528
2023-05-11,0.3718597737445302
2023-05-12,0.37473961932343747
2023-05-15,0.3730067192825842
2023-05-16,0.337590090011908
2023-05-17,0.3389194041262311
2023-05-18,0.3392146043147951
2023-05-19,0.34307236373128913
2023-05-22,0.3407133305989246
2023-05-23,0.34158730461998166
2023-05-24,0.3418851493243682
2023-05-25,0.3434143341341579
2023-05-26,0.33933961314105315
2023-05-30,0.33951700561235854
2023-05-31,0.33824247922648537
2023-06-01,0.3357223788871128
2023-06-02,0.3446214273271535
2023-06-05,0.3435506160418019
2023-06-06,0.35171447230328384
2023-06-07,0.356776875952818
2023-06-08,0.35504662443847745
2023-06-09,0.3544689053651682
2023-06-12,0.35586629409036796
2023-06-13,0.35614673509299916
2023-06-14,0.35610338643871564
2023-06-15,0.3560502793124485
2023-06-16,0.3573510245158799
2023-06-20,0.35697386827952804
2023-06-21,0.35166790823508265
2023-06-22,0.35034217866304723
2023-06-23,0.3497010200111609
2023-06-26,0.35162062997976123
2023-06-27,0.3498570535286979
2023-06-28,0.3507610075142572
2023-06-29,0.3501323388551146
2023-06-30,0.3510567075870215
2023-07-03,0.3485887966483487
2023-07-05,0.34500669549221913
2023-07-06,0.3454845573473534
2023-07-07,0.3475159184492679
2023-07-10,0.34658274910109643
2023-07-11,0.34757035261046604
2023-07-12,0.344577156869868
2023-07-13,0.3460351275454939
2023-07-14,0.3463579510930798
2023-07-17,0.3459942074226657
2023-07-18,0.3445139441759844
2023-07-19,0.3463326812488199
2023-07-20,0.34651839747453844
2023-07-21,0.3442756022255729
2023-07-24,0.3431081068486331
2023-07-25,0.3409208235163317
2023-07-26,0.3389130056163541
2023-07-27,0.33839845427070986
2023-07-28,0.3380249706633347
2023-07-31,0.3380422300138984
2023-08-01,0.3390091039706661
2023-08-02,0.3367759423219309
2023-08-03,0.3317834003311429
2023-08-04,0.3266718962691916
2023-08-07,0.32155919969065466
2023-08-08,0.32101779666243974
2023-08-09,0.318250946568688
2023-08-10,0.31629741583096826
2023-08-11,0.3132035241641874
2023-08-14,0.3133113916833116
2023-08-15,0.3136479790476778
2023-08-16,0.3139379182577135
2023-08-17,0.3146938706312384
2023-08-18,0.31456398490604054
2023-08-21,0.31552789011702054
2023-08-22,0.31714256371040384
2023-08-23,0.3106386330477726
2023-08-24,0.3117861783604708
2023-08-25,0.3143094106558382
2023-08-28,0.3144574158702901
2023-08-29,0.31533358257659466
2023-08-30,0.3193085949106216
2023-08-31,0.32259280358099895
2023-09-01,0.32276469406382857
2023-09-05,0.3296431598988828
2023-09-06,0.3317950374095471
2023-09-07,0.33073743025983465
2023-09-08,0.3313184500447318
2023-09-11,0.3240763613228369
2023-09-12,0.31634458359926576
2023-09-13,0.3080121665189476
2023-09-14,0.30714676568363264
2023-09-15,0.3071104141380698
2023-09-18,0.30694805810892456
2023-09-19,0.299115288801746
2023-09-20,0.29836104406574204
2023-09-21,0.29431719745956186
2023-09-22,0.2883581863621174
2023-09-25,0.28730313022005666
2023-09-26,0.28741716668530415
2023-09-27,0.2887012962753
2023-09-28,0.2888480986155315
2023-09-29,0.28751922297780985
2023-10-02,0.2870198767670812
2023-10-03,0.28634695876672855
2023-10-04,0.28937918377980126
2023-10-05,0.2858487426087445
2023-10-06,0.28490651023992425
2023-10-09,0.2852471544779767
2023-10-10,0.283528027981428
2023-10-11,0.2843926471164951
2023-10-12,0.2832064873958398
2023-10-13,0.2856274286396215
2023-10-16,0.2844216333636821
2023-10-17,0.28655457037418564
2023-10-18,0.28728078407952806
2023-10-19,0.29172061351439843
2023-10-20,0.2934006094124154
2023-10-23,0.29452908275191053
2023-10-24,0.2951467033805285
2023-10-25,0.2883929417113869
2023-10-26,0.2909053200644684
2023-10-27,0.28888071352310296
2023-10-30,0.28781440068607195
2023-10-31,0.2871986440773412
2023-11-01,0.2816839680723223
2023-11-02,0.2790916401190052
2023-11-03,0.2863087507564411
2023-11-06,0.28830717223542374
2023-11-07,0.2889078517903297
2023-11-08,0.2891951418590115
2023-11-09,0.28991907580184906
2023-11-10,0.2903739329404708
2023-11-13,0.29144380701035344
2023-11-14,0.2899593944777832
2023-11-15,0.31257066280060813
2023-11-16,0.30640560702598596
2023-11-17,0.3074982667903684
2023-11-20,0.3081992387759359
2023-11-21,0.3083707936339879
2023-11-22,0.3091874007214665
2023-11-24,0.30822810378915205
2023-11-27,0.30941372782408044
2023-11-28,0.3087921128019909
2023-11-29,0.30925678150787256
2023-11-30,0.30798135598953846
2023-12-01,0.306413052299693
2023-12-04,0.30296524770038297
2023-12-05,0.30137335597640025
2023-12-06,0.29756542886638054
2023-12-07,0.29280606479774296
2023-12-08,0.29371511009884954
2023-12-11,0.2930164337915899
2023-12-12,0.29248595061934407
2023-12-13,0.29162300842427086
2023-12-14,0.30191677058332944
2023-12-15,0.30856279618827187
2023-12-18,0.30909307367159583
2023-12-19,0.30778014245324575
2023-12-20,0.3107643370011001
2023-12-21,0.3128139001813155
2023-12-22,0.3134644183890789
2023-12-26,0.31335463993578827
2023-12-27,0.3122619287116608
2023-12-28,0.3116416359880179
2023-12-29,0.31083444250505377
2024-01-02,0.31250857990309105
2024-01-03,0.3118935635537639
2024-01-04,0.31841896138859027
2024-01-05,0.3163654647947778
2024-01-08,0.3151638811445207
2024-01-09,0.31548474478629773
2024-01-10,0.31467228811474524
2024-01-11,0.3139042807951025
2024-01-12,0.3146134366802198
2024-01-16,0.31419987718351694
2024-01-17,0.31589264075708373
2024-01-18,0.3160303495495622
2024-01-19,0.31566132533770147
2024-01-22,0.31532484964347196
2024-01-23,0.3181693743143409
2024-01-24,0.31709849847436455
2024-01-25,0.3176867080806391
2024-01-26,0.3184353531463427
2024-01-29,0.3196226279967115
2024-01-30,0.32110678327874453
2024-01-31,0.3199878870677335
2024-02-01,0.3245794953927349
2024-02-02,0.32554831544414486
2024-02-05,0.3288091144338925
2024-02-06,0.33505257442398895
2024-02-07,0.3346451312597924
2024-02-08,0.33413706661302117
2024-02-09,0.33460517004373236
2024-02-12,0.3360492915195393
2024-02-13,0.3392414461599823
2024-02-14,0.349374517373334
2024-02-15,0.34863472799834955
2024-02-16,0.34873322207486024
2024-02-20,0.34672166868590903
2024-02-21,0.3468974647028308
2024-02-22,0.34513337694746526
2024-02-23,0.3438770387165958
2024-02-26,0.34073432829793027
2024-02-27,0.3388559978450111
2024-02-28,0.3383741289264699
2024-02-29,0.33550301402310484
2024-03-01,0.3313942546995422
2024-03-04,0.33164614633096345
2024-03-05,0.3301881201929944
2024-03-06,0.32918474760965816
2024-03-07,0.32460534703928523
2024-03-08,0.3236292012650023
2024-03-11,0.32398662814138146
2024-03-12,0.32370745954262065
2024-03-13,0.32430451492725426
2024-03-14,0.3238355428540384
2024-03-15,0.3262775280482004
2024-03-18,0.3238251890461981
2024-03-19,0.3229513475978193
2024-03-20,0.32241415907925963
2024-03-21,0.32465465862954657
2024-03-22,0.32444820229925486
2024-03-25,0.32390068583270726
2024-03-26,0.32331922954185943
2024-03-27,0.32331098898480415
2024-03-28,0.3258784564984067
2024-04-01,0.32644344842373374
2024-04-02,0.3292649129667362
2024-04-03,0.3318101579550446
2024-04-04,0.329181776845704
2024-04-05,0.3268400189901495
2024-04-08,0.32795378333612357
2024-04-09,0.32860383996096787
2024-04-10,0.32845134754520594
2024-04-11,0.3371566235319045
2024-04-12,0.3341784233475593
2024-04-15,0.33793101432658945
2024-04-16,0.336213295286445
2024-04-17,0.33745920347286057
2024-04-18,0.3361858351620115
2024-04-19,0.3357632574405119
2024-04-22,0.3331324969784476
2024-04-23,0.3320845737759095
2024-04-24,0.33211779356714477
2024-04-25,0.3301853633293642
2024-04-26,0.3304898312751259
2024-04-29,0.3271698733413847
2024-04-30,0.3292535856438929
2024-05-01,0.33147701066073376
2024-05-02,0.3301915867039612
2024-05-03,0.3284076405978722
2024-05-06,0.32985480104438264
2024-05-07,0.3257100569607933
2024-05-08,0.31987272224863605
2024-05-09,0.3155459934588478
2024-05-10,0.314189858565512
2024-05-13,0.3136154099704513
2024-05-14,0.3106942232930161
2024-05-15,0.31006521813366095
2024-05-16,0.3099336304932413
2024-05-17,0.2840438224088328
2024-05-20,0.28362585865507384
2024-05-21,0.2820563649858493
2024-05-22,0.2813501493113222
2024-05-23,0.28060985909670577
2024-05-24,0.2826802980087934
2024-05-28,0.2827268046156176
2024-05-29,0.28121672621245264
2024-05-30,0.2825979126269945
2024-05-31,0.2832765131189284
2024-06-03,0.2842362115343071
2024-06-04,0.2855052310434216
2024-06-05,0.27704603224967483
2024-06-06,0.2778391942287199
2024-06-07,0.2749642658203517
2024-06-10,0.2760066937879975
2024-06-11,0.2752514450022809
2024-06-12,0.2750534937154157
2024-06-13,0.2763028261949851
2024-06-14,0.27680128953559396
2024-06-17,0.2671008125231341
2024-06-18,0.257792889169331
2024-06-20,0.25696389654393764
2024-06-21,0.2575621782185444
2024-06-24,0.2543262397625603
2024-06-25,0.2513661996245342
2024-06-26,0.24968200974198257
2024-06-27,0.2489510451395313
2024-06-28,0.24697625185500185
2024-07-01,0.24751856327597244
2024-07-02,0.2483164915203252
2024-07-03,0.24641763624493018
2024-07-05,0.24542063284149
2024-07-08,0.23762643484617377
2024-07-09,0.2379274143640147
2024-07-10,0.23804609847570737
2024-07-11,0.23717984497128325
2024-07-12,0.2483080378703864
2024-07-15,0.2494971534608056
2024-07-16,0.24845431685958472
2024-07-17,0.25921773481740273
2024-07-18,0.26256462249172774
2024-07-19,0.2627675594100134
2024-07-22,0.2613971826050632
2024-07-23,0.2628188774248356
2024-07-24,0.2598247863766724
2024-07-25,0.2641208843545652
2024-07-26,0.2634932814935564
2024-07-29,0.26418228954743744
2024-07-30,0.2638953216998196
2024-07-31,0.2628547167408703
2024-08-01,0.2641295215836806
2024-08-02,0.2691017762487702
2024-08-05,0.2797306070010267
2024-08-06,0.2880401585157105
2024-08-07,0.28408060598382107
2024-08-08,0.28312448032529447
2024-08-09,0.28786351693386286
2024-08-12,0.28564131677298593
2024-08-13,0.28542319098290364
2024-08-14,0.2849522019620182
2024-08-15,0.2743503015817974
2024-08-16,0.27763100526685525
2024-08-19,0.2762149978309851
2024-08-20,0.27794746059964887
2024-08-21,0.27874950603957227
2024-08-22,0.28073752255094664
2024-08-23,0.2817090584600597
2024-08-26,0.2901672625049167
2024-08-27,0.29075810643346645
2024-08-28,0.29147041791908146
2024-08-29,0.2932688986579532
2024-08-30,0.2948360201262113
2024-09-03,0.29473346313295506
2024-09-04,0.30988290404922486
2024-09-05,0.3099334307773563
2024-09-06,0.3101694670025228
2024-09-09,0.3122699683635696
2024-09-10,0.3111877523178459
2024-09-11,0.31090112055113145
2024-09-12,0.3117500380944522
2024-09-13,0.31251405402667887
2024-09-16,0.3142230698683491
2024-09-17,0.3144042949250502
2024-09-18,0.31493052182479253
2024-09-19,0.3149703876831845
2024-09-20,0.3152437740205681
2024-09-23,0.31523938415683317
2024-09-24,0.3139201208306757
2024-09-25,0.31364656924695394
2024-09-26,0.31541977226402446
2024-09-27,0.311077540019679
2024-09-30,0.31126960888591476
2024-10-01,0.3100213105709839
2024-10-02,0.3097826273874478
2024-10-03,0.30998747329188103
2024-10-04,0.30946594250250503
2024-10-07,0.31036189810244125
2024-10-08,0.309871718516537
2024-10-09,0.30977472211113605
2024-10-10,0.30273051463517137
2024-10-11,0.30420754939457295
2024-10-14,0.3035544784189805
2024-10-15,0.3027007195945384
2024-10-16,0.30214009393224256
2024-10-17,0.30233413870218495
2024-10-18,0.30161011297239804
2024-10-21,0.2995184704077011
2024-10-22,0.3020100737646166
2024-10-23,0.30054950430281646
2024-10-24,0.3005548208501121
2024-10-25,0.2989739751926242
2024-10-28,0.2974514060479876
2024-10-29,0.2990539458711263
2024-10-30,0.29466086949402237
2024-10-31,0.29402905307277083
2024-11-01,0.29671547832396605
2024-11-04,0.29684302657355666
2024-11-05,0.29549234285699477
2024-11-06,0.29710199465605724
2024-11-07,0.31668329125455885
2024-11-08,0.31597965277909296
2024-11-11,0.31341410402211883
2024-11-12,0.31522074377361675
2024-11-13,0.3160927676388604
2024-11-14,0.3157196155239006
2024-11-15,0.31570311341537094
2024-11-18,0.3164860809431529
2024-11-19,0.3157383532521627
2024-11-20,0.3154878360354415
2024-11-21,0.31473706845983357
2024-11-22,0.31471775121313095
2024-11-25,0.31556992007388607
2024-11-26,0.317412357128074
2024-11-27,0.3154005778562781
2024-11-29,0.3152692234835173
2024-12-02,0.315861254204542
2024-12-03,0.315660850228856
2024-12-04,0.3146009522290612
2024-12-05,0.31274780235940397
2024-12-06,0.3145712399571045
2024-12-09,0.31450175589566715
2024-12-10,0.3132324598769559
2024-12-11,0.3127599898961177
2024-12-12,0.3109455473008655
2024-12-13,0.3106031586779685
2024-12-16,0.30857826948964046
2024-12-17,0.3075733116852297
2024-12-18,0.3094389975570948
2024-12-19,0.3216258042400382
2024-12-20,0.3215163551099616
2024-12-23,0.3211421229894745
2024-12-24,0.3210115421940805
2024-12-26,0.3223555195118095
2024-12-27,0.3232736226588862
2024-12-30,0.3244916171413576
2024-12-31,0.3251620371266664
2025-01-02,0.32535649240340037
2025-01-03,0.32460839796341573
2025-01-06,0.32505575490410843
2025-01-07,0.32465077762991634
2025-01-08,0.3247182739620547
2025-01-10,0.3233257578123615
2025-01-13,0.319676340882319
2025-01-14,0.3184110478321768
2025-01-15,0.3184866769478246
2025-01-16,0.3127610159889137
2025-01-17,0.3115626632936961
2025-01-21,0.3106750392189286
2025-01-22,0.31155450567025167
2025-01-23,0.3100333570522385
2025-01-24,0.3099630504851841
2025-01-27,0.3071081520533538
2025-01-28,0.30816197831038533
2025-01-29,0.30761239715241284
2025-01-30,0.30708563390936144
2025-01-31,0.3061801117936128
2025-02-03,0.305214424984409
2025-02-04,0.30350331342425
2025-02-05,0.2930032123107726
2025-02-06,0.28390512547402325
2025-02-07,0.28380297248396835
2025-02-10,0.2850716540014728
2025-02-11,0.27941454724711506
2025-02-12,0.281733778787639
2025-02-13,0.28164259433385697
2025-02-14,0.2783096262047838
2025-02-18,0.2772619713497099
2025-02-19,0.2708406478965378
2025-02-20,0.26877499243840997
2025-02-21,0.26705989523675594
2025-02-24,0.2699953062591539
2025-02-25,0.2689828016178316
2025-02-26,0.2670111617425731
2025-02-27,0.2594048929401069
2025-02-28,0.26063224690038567
2025-03-03,0.2589810109460213
2025-03-04,0.26634252795738933
2025-03-05,0.26844579196703944
2025-03-06,0.26861043460515366
2025-03-07,0.2599475538727354
2025-03-10,0.2595515785937931
2025-03-11,0.2649433659202796
2025-03-12,0.2614844227486928
2025-03-13,0.26223424369540194
2025-03-14,0.26416461237155436
2025-03-17,0.2688000182652713
2025-03-18,0.2692158833736574
2025-03-19,0.26585547838362383
2025-03-20,0.2673328791540303
2025-03-21,0.2667175013788974
2025-03-24,0.2666232961934424
2025-03-25,0.2687837516378038
2025-03-26,0.2680754375633989
2025-03-27,0.269682450956116
2025-03-28,0.2695888640839212
2025-03-31,0.2725450459819607
2025-04-01,0.271074389483995
2025-04-02,0.27131788895634773
2025-04-03,0.27376032617170964
2025-04-04,0.3246358201922601
2025-04-07,0.3337403184669647
2025-04-08,0.3348256739909592
2025-04-09,0.33677074101230847
2025-04-10,0.3981742914571739
2025-04-11,0.41181170977102194
2025-04-14,0.41122526536696064
2025-04-15,0.4118938214025089
2025-04-16,0.4099549772056309
2025-04-17,0.40919381118642534
2025-04-21,0.40960782983451266
2025-04-22,0.4098671742947378
2025-04-23,0.41398510977213504
2025-04-24,0.41555976692417645
2025-04-25,0.41672764167851384
2025-04-28,0.4163163483549636
2025-04-29,0.4171931092293238
2025-04-30,0.4171984324614396
2025-05-01,0.4178616958144135
2025-05-02,0.4155841111641975
2025-05-05,0.4189499568371238
2025-05-06,0.42165461148584255
2025-05-07,0.4209555597637195
2025-05-08,0.4194023724113318
2025-05-09,0.4196156259448225
2025-05-12,0.4176782354662078
2025-05-13,0.4236199306199964
2025-05-14,0.4276709780341516
2025-05-15,0.4308733481356084
2025-05-16,0.4308383301135938
2025-05-19,0.43135069255348274
2025-05-20,0.4324371003600062
2025-05-21,0.433572791106496
2025-05-22,0.4372662286519345
2025-05-23,0.43532096723810115
2025-05-27,0.4354980019401418
2025-05-28,0.43986176241093694
2025-05-29,0.4389108555358587
2025-05-30,0.437927287803539
2025-06-02,0.4367210608433117
2025-06-03,0.4372494592511433
2025-06-04,0.43870854595956266
2025-06-05,0.43766605365155303
2025-06-06,0.43739926570821
2025-06-09,0.4377426604541861
2025-06-10,0.4384274502201505
2025-06-11,0.438637738404583
2025-06-12,0.4389767097865128
2025-06-13,0.4397264747578483
2025-06-16,0.4412549162392923
2025-06-17,0.4405455137293967
2025-06-18,0.4400986261341155
2025-06-20,0.4397504744104508
2025-06-23,0.4401003896464564
2025-06-24,0.43808319238021726
2025-06-25,0.43241679377982123
2025-06-26,0.4329640554424199
2025-06-27,0.43400146137504747
2025-06-30,0.43376353799416656
2025-07-01,0.4326610122683837
2025-07-02,0.43992100492851727
2025-07-03,0.438297551215384
2025-07-07,0.43816903738031154
2025-07-08,0.43895231714345895
2025-07-09,0.4383555371661377
2025-07-10,0.43748465615223553
2025-07-11,0.436898803942147
2025-07-14,0.437866272428848
2025-07-15,0.43866020395026734
2025-07-16,0.44105518148485173
2025-07-17,0.441743246102135
2025-07-18,0.44205533218474236
2025-07-21,0.4409115290353123
2025-07-22,0.440797414102249
2025-07-23,0.4414649179931004
2025-07-24,0.4404383331711635
2025-07-25,0.4391137178371199
2025-07-28,0.4388493580632874
2025-07-29,0.43889676047721504
2025-07-30,0.4350234836893319
2025-07-31,0.43445233806692996
2025-08-01,0.4319213877091436
2025-08-04,0.4322063363545491
2025-08-05,0.4322864971967315
2025-08-06,0.4275946580205857
2025-08-07,0.4234263609015165
2025-08-08,0.41980151511830593
2025-08-11,0.4196947419322924
2025-08-12,0.4197972555674558
2025-08-13,0.42447096863846134
2025-08-14,0.4279447586553613
2025-08-15,0.4289861986286064
2025-08-18,0.43035513608856335
2025-08-19,0.43132706993805153
2025-08-20,0.4327578177450205
2025-08-21,0.4349600622844104
2025-08-22,0.43614851229954876
2025-08-25,0.44134842704190086
2025-08-26,0.44190619763443106
2025-08-27,0.4432636484680284
2025-08-28,0.4445358288594844
2025-08-29,0.4461757998495996
2025-09-02,0.4487100461563166
2025-09-03,0.45135974535386336
2025-09-04,0.45090944037674263
2025-09-05,0.4510492896407483
2025-09-08,0.4489308495482964
2025-09-09,0.4497337810221763
2025-09-10,0.44745954593578613
2025-09-11,0.4469950957799149
2025-09-12,0.44844044304631286
2025-09-15,0.44877484271737533
2025-09-16,0.4457533838976308
2025-09-17,0.4450317739986362
2025-09-18,0.44494484441288806
2025-09-19,0.44463830327276593
2025-09-22,0.4452524865194683
2025-09-23,0.44477338609011213
2025-09-24,0.44202018143200705
2025-09-25,0.4412930299920973
2025-09-26,0.44136932579133104
2025-09-29,0.4422637393160773
2025-09-30,0.43883853139652185
2025-10-01,0.4404704081760539
2025-10-02,0.4393872792146385
2025-10-03,0.43786170448911016
2025-10-06,0.3964080601449406
2025-10-07,0.3830670900352503
2025-10-08,0.3833154768021873
2025-10-09,0.37582574602504276
2025-10-10,0.30511322807704805
2025-10-13,0.29155833842551815
2025-10-14,0.29500248031397946
2025-10-15,0.2961611511121981
2025-10-16,0.2952864603716545
2025-10-17,0.29383938912734037
2025-10-20,0.2940741220552136
2025-10-21,0.29274632900834496
2025-10-22,0.2883419815648786
2025-10-23,0.2871472079810224
2025-10-24,0.28277515627836014
2025-10-27,0.2828847322415438
2025-10-28,0.282168849532171
2025-10-29,0.2830361615804374
2025-10-30,0.28398192091230234
2025-10-31,0.2821142776512697
2025-11-03,0.2775413235513106
2025-11-04,0.27616355187579283
2025-11-05,0.2792830696453842
2025-11-06,0.28017442619244065
2025-11-07,0.27548794850777364
2025-11-10,0.27562155863558785
2025-11-11,0.2593052779854757
2025-11-12,0.25945748729186013
2025-11-13,0.25841195221474367
2025-11-14,0.2611576631315069
2025-11-17,0.26070012909192525
2025-11-18,0.2645372644615302
2025-11-19,0.26432748145844753
2025-11-20,0.2548827594901052
2025-11-21,0.2586513004400416
2025-11-24,0.2676927796025484
2025-11-25,0.26370195990695666
2025-11-26,0.2675478497276736
2025-11-28,0.2675280402593505
2025-12-01,0.267838562662246
2025-12-02,0.26763025926209355
2025-12-03,0.2648201191929379
2025-12-04,0.2659998094148346
2025-12-05,0.26648904656720135
2025-12-08,0.2651117001115513
2025-12-09,0.26476389273922507
2025-12-10,0.2637000864384616
2025-12-11,0.2668381552460921
2025-12-12,0.2668560722202775
2025-12-15,0.265744314567601
2025-12-16,0.2660371222021992
2025-12-17,0.26566093810115304
2025-12-18,0.2667808298655263
2025-12-19,0.26666746361390087
2025-12-22,0.2673620955379398
2025-12-23,0.26610618396528996
2025-12-24,0.2660878037998448
2025-12-26,0.2651690185012352
2025-12-29,0.26573157545600706
2025-12-30,0.2664085912311377
2025-12-31,0.26129371563242254
